CREATE DATABASE sql_improvement;
USE sql_improvement;

CREATE TABLE jobs (
  id INT UNSIGNED NOT NULL AUTO_INCREMENT,
  name VARCHAR(255),
  description VARCHAR(255),
  detail VARCHAR(255),
  business_skill VARCHAR(255),
  knowledge VARCHAR(255),
  location VARCHAR(255),
  activity VARCHAR(255),
  salary_statistic_group VARCHAR(255),
  salary_range_remarks VARCHAR(255),
  restriction VARCHAR(255),
  remarks VARCHAR(255),
  PRIMARY KEY (id)
);
INSERT INTO `jobs` VALUES ('1','vel','Optio voluptatibus sed ut. Ipsam perspiciatis natus vero. Facilis est alias totam dolorem a quo natus. Possimus placeat ex quidem minima.',NULL,NULL,NULL,'824 Labadie Center Apt. 243\nLake Quincyfurt, DC 36311-8473',NULL,NULL,'Nisi quibusdam nihil omnis temporibus totam aut. Quibusdam eveniet perspiciatis quae sint. Fugit ratione sed aut nobis similique dicta tempore.',NULL,'Minus iure assumenda aut enim et debitis quos. Unde dolorem quae commodi. Omnis modi reiciendis pariatur hic. Repudiandae eligendi dolorem ut facere id.'),
('2','in','Fuga provident voluptas excepturi quidem. Illum illum praesentium nihil consequatur. Itaque consequatur accusamus qui assumenda qui occaecati quas. Praesentium velit qui quis laudantium illum hic eaque.',NULL,NULL,NULL,'379 Hessel Port Apt. 691\nSouth Geovanni, AL 01789-2980',NULL,NULL,'Qui numquam laudantium amet eligendi quod temporibus placeat. Fugiat tenetur et sint. Consequatur modi quis et sunt et est sed. Iure quia non voluptas nulla distinctio.',NULL,'Similique voluptas quisquam eveniet magnam perferendis maxime. Minus nobis quas ea accusamus eaque consequuntur. Hic ut vitae vel debitis. Quos voluptatibus nulla earum praesentium culpa et.'),
('3','cum','Consequatur rerum sint eos sint omnis provident doloribus. Accusamus quaerat et est asperiores incidunt voluptatem in. Eaque dolorum tenetur quis consequatur nemo distinctio voluptatem nisi.',NULL,NULL,NULL,'0897 Schinner Court\nLebsackfurt, DC 62444',NULL,NULL,'Aut qui laborum est facilis. Quibusdam accusantium corporis debitis assumenda earum incidunt. Architecto illo iste id dolor fugiat vel totam.',NULL,'Consequatur debitis quis placeat molestiae dolore. Perspiciatis ut illo veritatis suscipit. Et ut sit nesciunt nihil rem et.'),
('4','et','Distinctio sequi doloremque molestias cumque et. Qui ut nihil voluptas aut. Reiciendis autem vel perspiciatis expedita nihil in vel. In et dolores alias accusamus non voluptas.',NULL,NULL,NULL,'152 Schneider Village\nZboncakmouth, UT 12236',NULL,NULL,'Quos occaecati ut consequatur. Nulla natus est expedita ad repellendus. Ut beatae adipisci alias.',NULL,'Consequatur nobis dolore dolor voluptas sit. Mollitia consequatur doloremque iure doloribus occaecati numquam. Pariatur ipsa debitis id nobis voluptatem dolorem.'),
('5','enim','Asperiores magni voluptas ad maxime animi. Velit ratione iste ipsa adipisci quasi illo et. Exercitationem harum vitae et aliquid harum. Aut iusto dolor non rem rerum. Dolores neque corrupti voluptatibus illo qui reprehenderit rerum.',NULL,NULL,NULL,'172 Shanahan Crossing Suite 522\nLake Kendrickland, CA 48892',NULL,NULL,'Ad placeat quos vel architecto nulla in qui. Iure porro perspiciatis nihil dolores.',NULL,'Enim doloremque at unde pariatur nam optio quia quos. Nesciunt non fugiat totam aut quae. Aut officia rerum rerum id iusto unde. Nisi ipsa nisi ratione possimus nisi.'),
('6','at','Deleniti temporibus laborum ullam aut incidunt quam. Quia error suscipit ratione perspiciatis omnis dolor tempora incidunt. Velit dicta assumenda ipsum consequatur. Dolores odio fugiat et.',NULL,NULL,NULL,'122 Katheryn Manor Apt. 132\nEast Chelsea, TX 58057-6257',NULL,NULL,'Iusto id aliquid nesciunt non distinctio esse. Ut esse sit ipsum soluta perspiciatis perferendis ipsam labore. Est possimus sed est aut suscipit maiores quis.',NULL,'Officiis id quasi iste. Et maiores ut accusantium ex officiis. Libero reprehenderit cum nam porro numquam ut iste. Quis illum molestias est distinctio.'),
('7','alias','Aperiam esse ullam ut tenetur. Exercitationem fugit aut rerum at. Aspernatur est reprehenderit qui quia eligendi. Ea dolores asperiores reiciendis omnis occaecati ut ut maiores.',NULL,NULL,NULL,'7632 Yazmin Locks\nEast Mayraport, RI 56290-6334',NULL,NULL,'Ipsa enim explicabo error ut. Non est architecto minima enim libero. A doloremque quisquam et nostrum aut aut aut.',NULL,'Est dolorem dignissimos fuga nisi dicta assumenda facilis. Non minima aperiam sint laboriosam non voluptatem voluptatum. Ipsam ut est sit quo aut et et. Ut consequatur sed cum sunt eum.'),
('8','molestiae','Nulla minus ut dolor ea. Nobis sit qui aut velit.',NULL,NULL,NULL,'4305 Jaron Inlet Suite 874\nNorth Karson, WY 43032-0208',NULL,NULL,'A expedita distinctio neque quidem voluptatem blanditiis illum. A voluptas nostrum temporibus rem ut et voluptate. Ut commodi consequuntur dolorum nisi accusantium optio.',NULL,'Officiis fugiat voluptatem harum ipsam. Odio officia sit officiis et. Et deserunt ut iste sit quaerat. Blanditiis aut adipisci eum. Sapiente accusantium ducimus aliquam quo.'),
('9','enim','Perferendis reiciendis sed quibusdam sint est eaque doloremque. Occaecati quasi perferendis non dolorem recusandae rem ex. Nemo molestias aperiam et vel.',NULL,NULL,NULL,'6380 Aracely Square\nMarchaven, ID 32252',NULL,NULL,'Sunt dignissimos maxime temporibus omnis consectetur tempore autem. Soluta distinctio commodi adipisci sunt modi. Voluptatem ab est sapiente sit est ut explicabo.',NULL,'Officia saepe perferendis non libero sequi laudantium. Sed facilis est similique et tenetur et soluta. Molestiae est ut unde dolorum quod omnis adipisci.'),
('10','praesentium','Ut sed quisquam sit quae. Quae saepe nesciunt similique. Distinctio numquam enim explicabo odit dolorum. Corporis corrupti saepe quia.',NULL,NULL,NULL,'9369 Gaylord Island Apt. 902\nVandervortmouth, WY 08704-6005',NULL,NULL,'Aut molestiae vero omnis itaque quidem quasi. Sunt maiores consequatur rem similique occaecati repellat. Ab eius suscipit non et esse perspiciatis.',NULL,'Vero dolorem voluptas libero ipsa officia optio magni. Veniam iusto architecto voluptas ea. Ut soluta debitis pariatur voluptate et. Ratione eligendi incidunt dignissimos quia id magni.'),
('11','quis','Autem voluptatem provident temporibus natus aperiam. Voluptate incidunt voluptas ratione animi. Rerum quae est et assumenda quo ad. Alias ducimus sit sed provident praesentium.',NULL,NULL,NULL,'640 Brooks Ranch Suite 528\nKarenmouth, ND 64775',NULL,NULL,'Atque aperiam aut magnam qui facilis. Eius aperiam occaecati dignissimos in et harum dolores. Neque dolores quasi id praesentium nihil et. Temporibus sint laudantium quas fuga voluptatibus porro nemo quia.',NULL,'Ipsam est blanditiis quia quibusdam culpa. Est rerum reiciendis atque laudantium.'),
('12','sint','Fugit alias nihil beatae impedit voluptatem vero corporis. Rerum et praesentium ea voluptatem reiciendis eligendi optio.',NULL,NULL,NULL,'71148 Aileen Freeway\nEast Horacemouth, OK 98306',NULL,NULL,'Ducimus labore dolorum sint et eius ut. Consequuntur expedita aspernatur expedita expedita quae sed quidem.',NULL,'Et unde temporibus sed quia maiores. Expedita autem amet ea error distinctio. Sint iure autem non sunt magni fugiat. Corporis ex reiciendis et atque quia beatae.'),
('13','iste','Consequuntur doloremque et veniam. Cupiditate necessitatibus est corrupti. Exercitationem ea dolor tempore commodi est quidem corporis.',NULL,NULL,NULL,'593 Woodrow Mills Suite 758\nJarredton, NC 15811',NULL,NULL,'Deserunt harum eum labore tempora beatae ut. In labore in ut maiores natus. Est quisquam qui voluptas officiis eos praesentium. Eaque ut veritatis minima laboriosam molestiae.',NULL,'Libero aut quia voluptas consequatur. Quia provident et repellendus. Natus recusandae et explicabo dolores.'),
('14','dignissimos','Id distinctio ullam occaecati qui laboriosam saepe. Et sed perferendis quae et animi enim. Suscipit totam qui voluptas alias et velit aut.',NULL,NULL,NULL,'5058 Freeman Parkway Apt. 626\nPort Royceborough, WI 11619',NULL,NULL,'Nostrum magni voluptatum facilis non quo. Ex at est libero magni tempora deserunt molestiae.',NULL,'Accusantium velit rerum numquam consequuntur et. Doloribus qui minima vitae facilis neque. Blanditiis aut beatae dolor repudiandae ea iste voluptatem. Ut dignissimos at voluptatem. Distinctio natus pariatur sit magni voluptas.'),
('15','mollitia','Vel expedita rerum enim nostrum ullam dolor. Et est commodi iste. Cupiditate soluta reiciendis quaerat minima vero esse qui. Veniam molestiae deleniti eum consequatur accusamus.',NULL,NULL,NULL,'181 Little Shoal Suite 951\nRomagueraview, AK 40642',NULL,NULL,'Id mollitia consequuntur provident. Ducimus sit sed dolores rem consequatur nesciunt enim ipsa. Qui animi placeat omnis quos recusandae tenetur. Sed animi nihil qui est.',NULL,'Qui voluptatibus ipsam debitis doloribus id. Nostrum ut dolores eum harum et ut est. Aspernatur quibusdam facilis eius pariatur et.'),
('16','aut','Ipsa fuga eius quis aut. Aliquam at quas dolorem unde beatae enim debitis.',NULL,NULL,NULL,'62453 Kunze Curve Suite 830\nTheresaview, OK 14707-4305',NULL,NULL,'Dicta sit dolor maiores quae. Est quia at id sequi.',NULL,'Non dolores illum esse voluptas at. Voluptates libero enim harum suscipit iste perspiciatis. Fuga veritatis enim enim animi adipisci.'),
('17','ratione','In nihil est ullam iure nihil. Aperiam corrupti blanditiis aspernatur. Nemo voluptatem commodi doloribus.',NULL,NULL,NULL,'81747 Lizeth Stream Suite 832\nWendyton, ID 00158',NULL,NULL,'Quidem autem incidunt magni laboriosam. Qui pariatur ut debitis cumque alias modi qui. Aut provident blanditiis distinctio eaque quae expedita placeat. Enim assumenda tenetur expedita impedit aperiam.',NULL,'Sint labore voluptatum enim vero consectetur nobis inventore. Facere voluptatum voluptates enim veniam. Eos similique voluptatem corrupti voluptates qui est facilis.'),
('18','recusandae','Tempora sed veniam aliquid voluptatibus. Soluta et excepturi praesentium quia aliquam. Deleniti ipsum odit totam natus est. Totam quia ipsum et officiis omnis placeat.',NULL,NULL,NULL,'87980 Ebert Point Apt. 025\nJovannymouth, MA 55719',NULL,NULL,'Sed nam velit sapiente libero sed magni. Fuga voluptatem blanditiis provident. Error voluptatem ut doloribus illo corporis.',NULL,'Tenetur porro enim voluptate id sequi. Inventore sit dolor aperiam quis.'),
('19','corporis','Sint aut id molestiae eligendi. Consequuntur minima harum quia nemo distinctio corrupti cupiditate aut. Aspernatur distinctio voluptatibus magnam in sint exercitationem.',NULL,NULL,NULL,'401 Stracke Skyway\nSamantastad, IL 52778-6051',NULL,NULL,'Officia quia corporis tenetur. Voluptates maxime omnis quos sit impedit. Laborum non fugit veritatis ipsam nihil animi autem. Minus magni error totam ut nisi.',NULL,'Deleniti nostrum laudantium odit neque similique. Ipsa qui doloremque sunt non. Autem est placeat nesciunt amet nihil minus. Similique numquam minima corrupti pariatur porro voluptatem aut.'),
('20','itaque','Repudiandae quis et dolore id quo velit. Officia similique nam ipsam saepe praesentium. Deleniti repellat recusandae quo. Laborum explicabo corrupti repellendus quasi minus accusantium. Sed ea nihil quo quidem ea quis non explicabo.',NULL,NULL,NULL,'46868 Sanford Center\nFlorinetown, MN 58096',NULL,NULL,'Blanditiis officia eum ratione eaque nulla enim corrupti ducimus. Hic ea exercitationem non numquam consequatur consequuntur minus. Officia id tenetur dolorum et. Et occaecati et esse doloremque quae.',NULL,'Quia dolorem assumenda perspiciatis. Sint maiores eos soluta. Eum cumque iure omnis voluptatibus.'),
('21','tenetur','Eos et voluptas voluptas pariatur quisquam sed. Consequatur nisi facere omnis libero.',NULL,NULL,NULL,'8154 Deangelo Lights Apt. 060\nEast Kaylie, ND 74322-1087',NULL,NULL,'Nihil ratione laudantium consequatur quia molestias. Voluptate quia sapiente distinctio doloremque deserunt atque rem. Omnis rerum laboriosam voluptate inventore quibusdam molestiae veritatis sunt. Pariatur repudiandae deleniti eum sunt suscipit perferend',NULL,'Autem qui temporibus assumenda enim autem. Libero optio atque id ipsa voluptatibus dicta et sapiente.'),
('22','dolorem','Eius non rem explicabo expedita. Officiis ea numquam perferendis aspernatur quia. Laborum ut commodi omnis doloremque non exercitationem voluptas. Nihil est asperiores sed impedit omnis dolores.',NULL,NULL,NULL,'45368 Tyler Park\nRodriguezhaven, DC 46417',NULL,NULL,'Aspernatur dolorem molestiae aspernatur aliquam odio aut. Voluptatibus tenetur eligendi omnis ad qui eaque voluptates. Aut dignissimos commodi dolorem eum qui excepturi sed. Neque iure omnis rerum nesciunt.',NULL,'Culpa nihil quisquam neque aperiam illum enim pariatur. Nulla possimus temporibus ea. Ex eaque quia aliquam optio ratione officiis aut. Alias unde odio eveniet et aut rerum.'),
('23','ratione','Commodi sit fugiat id. Dignissimos beatae distinctio non aspernatur sed voluptatibus consectetur. Ullam natus earum impedit qui distinctio laudantium.',NULL,NULL,NULL,'12214 Foster Throughway Apt. 196\nTroyhaven, NY 99798-0270',NULL,NULL,'Quia saepe non similique accusamus. Neque qui omnis amet voluptatibus. Neque et voluptatem modi.',NULL,'In nisi aut aliquid ratione eos illo. Et enim perferendis quia ducimus neque tempore qui. Illo quo iusto ut eos voluptatem quisquam quasi.'),
('24','omnis','Voluptatum nihil a similique distinctio. Vel vel dolorum laboriosam omnis nemo voluptatibus animi. Explicabo esse qui iure sunt occaecati dolores. Adipisci harum aut assumenda in quasi inventore iste.',NULL,NULL,NULL,'5608 Francisca Spur\nCordeliashire, SD 83762-3033',NULL,NULL,'Molestiae sapiente necessitatibus commodi earum aperiam. Aperiam dolorem aliquam quasi voluptatum velit omnis.',NULL,'Velit est voluptatibus ducimus velit nemo. Est distinctio aliquam nostrum. Sunt qui et voluptatem. Ut aliquam recusandae atque.'),
('25','et','Accusamus vel ratione voluptas in deserunt voluptatum quis. Consequuntur placeat et magni assumenda necessitatibus. Numquam dolore sunt amet consequatur maxime. Officia doloribus hic nulla harum expedita nisi.',NULL,NULL,NULL,'643 Verner Villages\nColinberg, NC 24739',NULL,NULL,'Quis voluptas dolor sit dolores. Modi neque voluptates in quo consequatur consequatur quo. Optio atque sit eligendi quia.',NULL,'Est saepe officiis assumenda laborum ex nostrum. Nostrum placeat eius laboriosam placeat aut id. Quos quo at aut numquam debitis sint.'),
('26','vitae','Vel dolore minima sequi. Totam consequuntur dolorum quia vitae animi pariatur. Vitae perferendis perferendis distinctio architecto veniam. Natus nemo iure quis reprehenderit vero at. Inventore ducimus esse doloremque quibusdam fugit expedita consequatur.',NULL,NULL,NULL,'07242 Margot Forge Apt. 376\nNorth Linaberg, MA 48984-1796',NULL,NULL,'Quibusdam ad rem optio in molestiae dignissimos. Quis aut quo non nihil id. Dolorem molestiae aut aliquam dolor et et voluptas. Quia excepturi est aut.',NULL,'Quae sit deserunt nihil sit. Maiores magni est vel unde et praesentium adipisci. Ducimus ipsam delectus atque sed eius occaecati.'),
('27','quo','Debitis nam sed rerum eos quas excepturi. Magni doloremque beatae commodi soluta officia rerum qui. Omnis debitis rerum omnis mollitia ex eaque et aliquid.',NULL,NULL,NULL,'9099 Christiansen Squares Suite 943\nNorth Alvera, AZ 88313',NULL,NULL,'Et recusandae cumque modi consequuntur quia sequi culpa. Velit ex enim tenetur possimus repudiandae. Fugiat aut voluptatum minima molestiae doloribus id.',NULL,'Et error quasi nostrum temporibus. Et quas placeat nihil temporibus aliquid dolor eum. Quaerat debitis cupiditate nisi autem dolorum et animi.'),
('28','animi','Odit quod a qui nobis nihil. Dolorem recusandae quo voluptatem perspiciatis natus autem illo. Quam tempora voluptas et sapiente.',NULL,NULL,NULL,'62025 Mireya Courts\nLockmanhaven, ND 98275-7811',NULL,NULL,'Et ut ut itaque qui. Non sequi recusandae qui sit voluptatem et vel. Ut voluptatem nesciunt perferendis dolores voluptas. Aut quis repudiandae voluptas quasi repellat corrupti.',NULL,'Officiis amet fugit voluptatem molestias maxime aut aut. Quam provident beatae voluptas quo in. Rem dolorem ipsam id non vitae nulla.'),
('29','est','Recusandae est fuga sit error. Dolor aliquid et voluptate tempore quasi ea laudantium dolorem.',NULL,NULL,NULL,'6864 Jakubowski Prairie\nNew Craig, IL 51907',NULL,NULL,'Odit nihil cupiditate voluptatem perferendis quia corrupti. Est in qui vel iure a aliquid assumenda. Ab maxime ut illum fuga maxime facilis. Et autem ut consequatur suscipit. Qui qui dolorem et.',NULL,'Nam voluptatibus accusantium voluptatibus harum ut harum et harum. Eligendi error fugiat est ea nam. Sed consectetur fugiat ullam.'),
('30','dignissimos','Aut corporis cum quo nisi rerum. Delectus debitis autem et iusto et. Et ab quia doloremque aut. Magnam est ut ducimus est quo dolor est.',NULL,NULL,NULL,'8982 O\'Reilly Mountains Apt. 975\nStewartton, MS 68574-7240',NULL,NULL,'Molestiae nam est cumque dolores non accusantium esse. Consequatur consequatur voluptatem voluptas harum. Repudiandae molestias aliquam quas nisi ut.',NULL,'Eos reprehenderit doloribus velit et nisi velit soluta. Et culpa sit aliquid delectus. Laborum harum doloribus quas tempora. Eum blanditiis ullam quae recusandae.'),
('31','in','Dicta nesciunt provident qui cum provident. Aperiam esse iure sequi exercitationem hic beatae. Et qui sed aut nihil inventore quasi accusantium sequi. Possimus hic nam non rerum qui dolores natus.',NULL,NULL,NULL,'2479 Rohan Falls\nSouth Kiarrashire, ID 24673',NULL,NULL,'Atque unde dicta voluptas nobis fugit dolor. Ut nam vitae est. Accusantium dolores autem ipsum quis minus deleniti dicta nam. Eos magni saepe deserunt qui. Harum est unde unde occaecati laboriosam quis suscipit animi.',NULL,'Nobis omnis quia dolorem earum cum ut. Et porro inventore omnis illum odio libero. Recusandae ut autem et labore corrupti velit voluptatum saepe.'),
('32','sint','Ut reiciendis quis atque minima qui. Voluptas hic sapiente aliquam sit earum id sint provident. Dignissimos incidunt dolor perferendis non sunt assumenda et. In quae eveniet unde dolorem ipsa magnam.',NULL,NULL,NULL,'990 Lillian Shoals Apt. 614\nSouth Annamae, HI 74034',NULL,NULL,'Voluptatum est voluptate neque atque est. Dolorum voluptatem rerum quibusdam consequuntur qui et ut. Sit dolor nisi deleniti itaque. Sed enim magnam sit asperiores vel magni.',NULL,'Distinctio placeat soluta et tenetur. Mollitia laboriosam cum ipsum praesentium iste amet explicabo. Et est dolorem ea vel est.'),
('33','necessitatibus','Facere sit est sed dolor quam. Tenetur facilis id et ratione ipsam. Eveniet dicta harum ratione ut.',NULL,NULL,NULL,'35033 Raphaelle Terrace Apt. 305\nNorth Elliebury, FL 13994',NULL,NULL,'Fugit sit est culpa architecto placeat. Qui eum ut rerum sed.',NULL,'Voluptatum corrupti velit quidem quam ipsum. At corrupti dicta ipsum quae blanditiis quas et. Velit aut quia id repellendus assumenda sed.'),
('34','qui','Libero temporibus quo voluptatem. Et architecto laboriosam dolorum necessitatibus maiores sequi. Quas qui rerum eum vel mollitia.',NULL,NULL,NULL,'4209 Shyanne Walk\nChamplinbury, NY 33027',NULL,NULL,'Repellat est et iure provident officiis. Libero commodi magni doloremque rerum minima est velit. Perspiciatis est sed sint.',NULL,'Ipsam repellendus aut quia possimus voluptas et ullam. Optio et ut sit natus. Qui totam qui in ut nam. Accusamus cupiditate voluptatem cum qui consequatur ipsum dignissimos. Ut reprehenderit qui veritatis sed quidem est sit quidem.'),
('35','ut','Rerum eligendi nihil quis totam. Error at nesciunt aut sit accusamus possimus. Quo est soluta rerum minus id veniam occaecati. Eaque sed harum quaerat iusto voluptatem et alias.',NULL,NULL,NULL,'632 Dibbert Avenue Suite 111\nJessicaport, AZ 15029-3516',NULL,NULL,'Velit animi eius assumenda qui incidunt aliquid. Ut et quibusdam dolor et temporibus consequatur sunt. Qui deserunt alias animi repudiandae et praesentium soluta. Voluptates recusandae explicabo cupiditate.',NULL,'Et repellendus at in omnis sint mollitia et. Voluptatem exercitationem sequi repudiandae cum quasi. Facere neque est soluta.'),
('36','facere','Iste cupiditate ipsum et. Asperiores doloribus aperiam inventore illum doloribus enim. Dolorem sapiente atque dolorum dolores et quasi voluptatibus.',NULL,NULL,NULL,'62282 Madonna Landing Apt. 743\nDejonport, ID 18456',NULL,NULL,'Quis est est ratione illum enim aut debitis. Eum at tempora maxime pariatur nostrum eius. Distinctio beatae cum aperiam voluptatibus quae.',NULL,'Non itaque repudiandae dicta eos eius totam eos quo. Blanditiis inventore explicabo saepe tenetur cupiditate totam. Consequatur voluptatem dolore omnis voluptates ut non.'),
('37','amet','Voluptatem nulla ad molestias ut ut. Soluta aut deserunt laudantium odit nostrum eos qui. Esse est quaerat consequatur. Et officia nostrum maxime eius.',NULL,NULL,NULL,'4321 Jazlyn Streets Apt. 042\nEast Kiara, LA 19594',NULL,NULL,'Et modi quia quaerat ut eaque. Itaque iste in iusto ut ducimus et incidunt. Veritatis harum nihil voluptatem molestiae non est eos. Eligendi est autem ex ullam voluptates.',NULL,'Et et maxime hic nostrum veniam sed. Explicabo quidem minus consectetur error voluptatem numquam sit voluptas. Minima laboriosam inventore vel omnis distinctio nobis dicta recusandae. Ut nesciunt corrupti architecto quasi ratione veritatis nulla. Nobis ma'),
('38','nulla','Molestias sed consectetur quia. Nihil porro perferendis illum repellat temporibus. Alias molestias voluptatem sit et consequatur velit amet.',NULL,NULL,NULL,'9824 Jennie Brooks\nMinervahaven, NY 08214-4320',NULL,NULL,'Optio doloremque laborum voluptatem quidem culpa delectus nihil. Exercitationem dolores aut ullam quidem voluptates animi. Temporibus vero blanditiis neque aut nostrum. Vitae quaerat animi blanditiis ut.',NULL,'Itaque modi impedit dicta velit et quo impedit explicabo. Molestias commodi odit delectus porro rem. Tempora et voluptatem alias fuga reiciendis numquam.'),
('39','et','Totam eaque voluptatem nisi maiores. Nobis eum vel quia nostrum consequuntur. Hic explicabo dolorem inventore est nam delectus sit. Illo omnis perspiciatis dicta dolorem omnis ut consequatur.',NULL,NULL,NULL,'292 Myles Forest\nLake Nils, VA 20652',NULL,NULL,'Optio sapiente voluptatem sit repellendus voluptates numquam eaque. Eum quibusdam consectetur reprehenderit. Ex vel fuga excepturi quia nostrum consequatur. Enim aut incidunt ut dolore.',NULL,'Est deserunt architecto et quia ea. Quia odio quaerat aut nihil eius quia iusto repellendus. Corporis iusto enim dolores necessitatibus et quaerat consequuntur.'),
('40','enim','Iusto fugiat aut excepturi id. Ratione ad excepturi iusto vel quis. Non vel quae et.',NULL,NULL,NULL,'974 Hudson Spring\nSouth Magnushaven, MI 93029-8454',NULL,NULL,'Maxime velit voluptatum molestias. Aspernatur natus numquam maiores dicta ut rerum. Repellat illo in quis. Ut autem et voluptate veniam. Est aut quisquam rem in non ipsum.',NULL,'Consectetur voluptatem porro sed doloremque et minima perspiciatis. Accusamus enim eos dolores culpa id. Adipisci maxime aut vero praesentium veritatis dicta.'),
('41','repellendus','Est velit rerum rerum accusamus. Quae dolor dolores ea quos. Minus ea unde pariatur molestiae vel voluptatum quidem.',NULL,NULL,NULL,'3150 Anahi Shoals\nWest Brendanburgh, DC 24588',NULL,NULL,'Corrupti cupiditate facere non harum quam nihil sit. Odit placeat pariatur accusamus eligendi praesentium et dolores. Nulla non cum aperiam debitis et.',NULL,'A est quae asperiores consequatur molestiae ad quia nisi. Ipsum quos est fugiat non. Et molestias et officiis qui similique. Corrupti et cum quis eos rerum rerum laborum id.'),
('42','nostrum','Voluptatem sit at tenetur ea quisquam porro et numquam. Asperiores quam excepturi magnam doloribus. Eos et est esse mollitia et quo nobis.',NULL,NULL,NULL,'7924 Delphine Haven\nLake Noeliashire, OH 79697',NULL,NULL,'Qui sint et doloremque aut. Similique aliquam accusamus perferendis est. Deleniti quas esse omnis repudiandae quibusdam at ea.',NULL,'Quisquam aspernatur unde ex quasi ullam totam. Vero est unde voluptas quia sed. Veritatis sunt numquam reiciendis aut quibusdam.'),
('43','maiores','Et sequi quia quas eum. Nihil fugiat dolorum perspiciatis possimus. Quis ab autem consequatur quo esse. Repellat minus cumque mollitia dolorem assumenda minima. Eum animi sunt eum optio.',NULL,NULL,NULL,'86261 Johnson Trail\nEllisfort, ME 72283',NULL,NULL,'Fuga quo modi exercitationem. Aut rerum quia in. Doloribus odit temporibus ullam beatae tempora est omnis sit. Beatae magnam ipsa est commodi odit eius.',NULL,'Blanditiis sunt ut suscipit qui iste sapiente. Sed quia impedit voluptatum impedit alias quia. Quia nostrum quisquam soluta deleniti sequi quibusdam.'),
('44','eos','Rerum doloremque asperiores in omnis voluptatem asperiores minima. Sit molestiae ad ea ullam.',NULL,NULL,NULL,'6261 Dominique Burg Suite 684\nParisianchester, KY 54823-0407',NULL,NULL,'Ducimus qui expedita molestiae molestiae ut. Saepe nulla incidunt ex quia rem. Enim consequatur quibusdam qui et perspiciatis. Ab et asperiores sit.',NULL,'Dolor repellendus atque quidem ducimus voluptatem. Nam necessitatibus reiciendis ut sapiente facere autem. Eius commodi rem laboriosam harum earum. Harum officiis iusto non eos.'),
('45','velit','Placeat tenetur voluptatem blanditiis ut. Animi similique omnis sed magnam porro. Ut enim nulla modi deserunt. Necessitatibus enim sunt vero ut ex exercitationem. Esse exercitationem vel tempore suscipit id.',NULL,NULL,NULL,'5952 Emil Avenue Apt. 288\nHandberg, MD 76828-5353',NULL,NULL,'Illo sunt dolor dolorum temporibus consequuntur accusantium beatae. Quidem a modi et qui atque inventore. Maxime modi tempora voluptatibus dolor suscipit. Est ipsam voluptatem qui.',NULL,'Vitae impedit tenetur quasi laudantium quo quos id. Aut unde alias rerum saepe doloribus aut iure. Vitae assumenda vero optio rerum harum labore. Omnis rem non nesciunt qui.'),
('46','voluptatem','Sed adipisci quidem iusto repudiandae laboriosam quia. Beatae et atque aperiam ducimus laborum. Quia sed doloribus est perspiciatis vitae. Magnam labore iure id tenetur est et adipisci.',NULL,NULL,NULL,'00600 Katheryn Summit\nPort Cristopherburgh, TN 54402',NULL,NULL,'Omnis distinctio voluptatem fugit nihil corporis in. Hic nesciunt quidem et dolor. Consequatur incidunt rem molestiae quaerat. Magni debitis maxime totam non ad cum.',NULL,'Dolorem eaque quasi nemo corrupti asperiores autem. Enim sed itaque quod modi. Sunt repudiandae doloribus voluptatem et non veritatis. Aliquam expedita aliquam debitis aut ex quas. Nihil est molestias rerum tenetur qui dolor voluptatem inventore.'),
('47','aperiam','Tenetur assumenda praesentium facere ex. Officiis voluptas neque et vel ratione ut dolores. Blanditiis nihil libero sint aliquam totam sint saepe. Cupiditate dignissimos laboriosam omnis labore.',NULL,NULL,NULL,'83309 Little Wall Suite 794\nSelmerside, AK 85627-7243',NULL,NULL,'Hic beatae fuga vel vitae libero voluptatum unde. Possimus eligendi consectetur pariatur cum dolorem. Commodi voluptatem voluptatibus voluptas dicta neque ipsam.',NULL,'Perspiciatis velit alias aliquam facere exercitationem veniam corporis. Nobis nesciunt sed quo. Dolorem quis veritatis illo.'),
('48','animi','Dolorem et dolores totam sit asperiores asperiores minus facere. Nisi totam consequuntur ipsa alias deleniti autem. Numquam aut libero sit accusantium dolorem qui.',NULL,NULL,NULL,'830 Lorna Radial Suite 905\nEast Scottymouth, NC 82108',NULL,NULL,'Qui sunt repellendus iusto possimus itaque temporibus voluptates. Beatae labore at rem eius neque. Est dolores reiciendis sint ea molestias qui.',NULL,'Et esse ratione aliquid expedita. Odio necessitatibus et dolorem culpa et possimus in. Aut inventore veniam dolores est et magni qui consequatur.'),
('49','placeat','Maiores sit sed neque deleniti similique quidem aut. Ea esse accusantium consequatur odio et excepturi quis. Voluptas et eaque laborum in quidem cupiditate reprehenderit. Ullam est necessitatibus distinctio necessitatibus rerum doloremque dignissimos.',NULL,NULL,NULL,'10160 Dietrich Trail Suite 405\nBoyerfurt, MT 57842',NULL,NULL,'Enim consequatur molestias cupiditate et fugiat ut est. Ut repellendus corrupti odit assumenda quae. Nam aut velit et reiciendis quasi non laboriosam consequuntur. Iure consequuntur inventore ipsum quis beatae enim commodi.',NULL,'Amet possimus cum sequi omnis soluta. Itaque quis molestiae voluptas incidunt beatae in. Aspernatur ex natus eos quaerat. Autem corporis ut qui nihil error ut deserunt. Necessitatibus ad tenetur dolore nihil blanditiis dolore iusto.'),
('50','quod','Est dolorem aut dolorem voluptas sunt. Illo eligendi sed maxime iure. Itaque repudiandae possimus incidunt.',NULL,NULL,NULL,'697 Lueilwitz Streets Suite 760\nSouth Oraton, WI 64957-3518',NULL,NULL,'Cumque non suscipit amet qui et omnis rerum consequatur. Ipsam labore eligendi labore consequatur laboriosam consectetur suscipit voluptatum. Iste quos sed excepturi reprehenderit velit aliquid.',NULL,'Id cum optio quo consequatur consequatur hic reiciendis. Aut odit modi occaecati nemo alias molestiae. Sit quibusdam sapiente eaque neque.'),
('51','id','Officia dolores et non optio tenetur minus vero. Possimus porro neque ullam. Aut autem cumque consequatur veniam et dicta assumenda. Nihil id id numquam pariatur tempora voluptatum est.',NULL,NULL,NULL,'860 Itzel Throughway Apt. 512\nEast Norbertohaven, AZ 74445',NULL,NULL,'Asperiores itaque quaerat hic. Quae deserunt dolor sit dolorem.',NULL,'Nam et quod sit quasi aut error excepturi et. Sit quia pariatur necessitatibus voluptatem illo. Quas quis iusto enim sunt.'),
('52','dolor','Praesentium facere debitis sint sed accusantium consequatur. Consequatur aut corrupti ab vel animi. Fugiat sunt quidem perspiciatis dolorem non.',NULL,NULL,NULL,'673 Icie Underpass\nBartellbury, MT 13289',NULL,NULL,'Repudiandae consequatur sunt distinctio laborum officiis aperiam. Doloremque et dolorem dolorem sed sed consequatur placeat rerum. Molestiae qui explicabo beatae.',NULL,'Qui ipsam quo quo velit et. Ea sunt sequi consequuntur laborum sed sit eius animi.'),
('53','ut','Sequi et vitae fuga omnis aut qui. Est et iusto praesentium quis. Nulla exercitationem ea nesciunt quidem enim animi. Sint doloribus dolores dolores repellat eos.',NULL,NULL,NULL,'0165 Douglas Parks\nSouth Joanny, KS 57865-9165',NULL,NULL,'Beatae ratione quas quidem. Voluptatibus rerum non at sint facilis voluptatem autem. Qui quia voluptatem tenetur quia ut ducimus molestias. Enim eum ea esse ad.',NULL,'Incidunt dolore velit enim. Reprehenderit ea sed perferendis minima et cumque. Dignissimos dignissimos tenetur vel ex dolorem aut quo.'),
('54','sed','Aliquid odio enim dolorem consequatur enim aut. Cupiditate necessitatibus est quo officiis perferendis. Voluptas voluptate voluptatum cum sit.',NULL,NULL,NULL,'32642 Maggio Flat Apt. 124\nCooperbury, IA 73721-1062',NULL,NULL,'Porro ab aut et at sit. Reprehenderit iste odit quos animi et nesciunt possimus. Provident repellat occaecati quidem itaque. Sunt inventore saepe qui omnis fugit.',NULL,'Qui velit sunt molestias est occaecati dignissimos. Suscipit esse ducimus sed voluptatem. Natus dolor voluptas nam molestias distinctio quae iusto. Suscipit ut et delectus magnam.'),
('55','quos','Voluptas quis pariatur saepe quo libero minima. Minus facilis dolorem suscipit ratione quas. Soluta labore illum facere. Ipsa sed vitae commodi hic. Natus nemo et sit dignissimos corrupti quo hic.',NULL,NULL,NULL,'48558 Lavern Springs Suite 527\nPourosshire, MA 89020-8623',NULL,NULL,'Eveniet ab perferendis similique enim fugiat ea omnis. Aut voluptatem consequatur eaque odit quia assumenda eum. Qui dolores maiores modi animi quia. Perspiciatis nobis quos saepe amet.',NULL,'Accusamus odit nihil id vero praesentium maxime at. Ullam voluptatem possimus provident quidem fugit consectetur temporibus mollitia. Quas ut ex sit cum eum eaque architecto. Pariatur minus nesciunt veritatis dolor tenetur et autem et.'),
('56','voluptate','In autem mollitia omnis earum perspiciatis. Qui aut modi et nostrum. Quam quasi aspernatur laudantium esse quae. Possimus quae voluptates reiciendis.',NULL,NULL,NULL,'749 Hauck Mission Apt. 252\nWest Natashaburgh, VA 10184-2393',NULL,NULL,'Sint odio odit maxime enim nihil quia eum. Et et minima ut rerum eum eum est harum. Est nam eos sed ut exercitationem et commodi ut. Et laboriosam eveniet iure animi veritatis sed.',NULL,'Dignissimos natus quia ut. Illum iure accusamus itaque iusto enim. Ratione corporis et ut soluta consectetur omnis.'),
('57','pariatur','Quis voluptates ea accusamus repellat. Illum laborum deleniti beatae et. Accusamus molestias veritatis placeat ut officia saepe ut. Voluptas minima culpa corrupti odio.',NULL,NULL,NULL,'25859 Liza Plains\nSouth Einofurt, LA 41492-3255',NULL,NULL,'Facilis voluptates sunt quam excepturi vero facere doloribus. Quod labore cupiditate et totam. Non sunt voluptate voluptate ea quaerat quam est blanditiis.',NULL,'Laborum ut temporibus aliquid sit voluptas rerum autem. Eius architecto alias quis et fugiat et. Rem odio modi maxime id odit.'),
('58','est','Alias et ea sit voluptatem. Accusantium earum qui neque sint reiciendis exercitationem libero. Provident inventore consequuntur fuga. Delectus consequatur saepe quia voluptas et corporis.',NULL,NULL,NULL,'43008 Scarlett Port\nWest Coltenville, MO 90307',NULL,NULL,'Hic architecto laudantium neque qui temporibus ut laborum. Asperiores eum in consectetur non nam aut. Repudiandae sit eligendi cupiditate illum sit quis quae.',NULL,'Velit dolores non veritatis non velit beatae aut. Quaerat autem sit et amet et quia aut. Laudantium nisi quis molestiae non.'),
('59','repellat','Illum reiciendis expedita numquam est vel explicabo. Vero architecto quos et et molestias. Non neque sed ut. Quod sapiente tempore adipisci enim dolor.',NULL,NULL,NULL,'1984 Dejon Coves Apt. 650\nEast Zulaton, NM 11417-5759',NULL,NULL,'Aut sequi magni sunt pariatur facere laboriosam eum. Vero accusamus officiis facilis error et consequatur doloremque omnis. Nam aut maiores assumenda quis libero rerum dolor. Tempore asperiores aut nihil fugit quisquam illo.',NULL,'Ut beatae omnis voluptatem in. Natus consequatur blanditiis tenetur est amet tempora. Similique eveniet sed rerum sit nobis.'),
('60','laudantium','Quasi aut voluptas non beatae. Aliquam cumque earum et iste consequatur. Unde et et id expedita qui. Sequi qui doloremque delectus et laboriosam expedita.',NULL,NULL,NULL,'465 Ethyl Cliff\nCalestad, MT 39537-3491',NULL,NULL,'Nihil tempora sunt in. Omnis quis error animi dolor aut. Voluptatem veritatis fugiat harum harum qui saepe rerum.',NULL,'Voluptatum molestias qui et rem. Dolor fugit aperiam accusantium id accusantium. Aut atque iste deleniti velit id. Consectetur in dicta et.'),
('61','quaerat','Odio sed ut nihil vel aspernatur labore. In et ut et eveniet est impedit.',NULL,NULL,NULL,'758 Elliott Unions\nMcCulloughport, WY 96213',NULL,NULL,'Facere omnis et maxime molestiae repudiandae provident quia voluptatem. Sequi autem qui quo repudiandae vitae unde expedita. Ad et non officiis et quas ut.',NULL,'Qui dolore non et odit ipsa ad id. Non occaecati provident accusamus id vitae cum aliquam et. Sit aut in qui qui tenetur voluptatibus.'),
('62','aut','Qui eum nobis culpa modi. Dolorem itaque quia ut consequatur sint. Sit ut dolorem quia rerum.',NULL,NULL,NULL,'521 Maximillia Views\nLake Carterburgh, CA 00664',NULL,NULL,'Eveniet porro architecto exercitationem saepe a. Impedit porro maxime alias illo. Earum tenetur veniam ullam velit et nostrum. Tempore veniam repellendus dolor voluptate nam.',NULL,'Dolorem quo voluptatem explicabo voluptatem in dolorum. Qui sed repellat ducimus dolores assumenda aut consequatur quis. Quis quod atque dignissimos quia fugit totam incidunt.'),
('63','a','Vel qui facere similique harum. Ut temporibus modi nesciunt corporis. Molestiae ut velit consequatur natus. Et illum et maiores voluptatum.',NULL,NULL,NULL,'8992 Veum Extensions\nValentinhaven, KY 51254-2175',NULL,NULL,'Consequatur sit laboriosam ipsa excepturi ipsam. Vel similique atque in reiciendis consequatur enim qui. Placeat rerum similique quo provident recusandae quia rem.',NULL,'Aut est eum aut expedita. Vel ut quis tempora incidunt. Ut autem quod qui consequuntur temporibus molestiae. Vitae modi est aliquam est dolorem a suscipit. Necessitatibus suscipit ipsum voluptatum eum.'),
('64','consequatur','Necessitatibus itaque corrupti numquam tempore mollitia. Qui nemo itaque repellendus aut voluptatum sint dolores aut. Adipisci doloribus et optio facere ut dolor voluptatibus. Voluptas et optio eveniet est ipsam odit.',NULL,NULL,NULL,'82647 Trent Groves\nWilfredfurt, ND 20530',NULL,NULL,'Totam exercitationem eius ipsam cupiditate fuga amet unde veniam. Deleniti hic ut sequi.',NULL,'Reiciendis dicta et consequatur dicta qui quam vel. Cumque et quae ut qui earum sunt. Sed aliquid consequatur repudiandae rerum molestiae labore et.'),
('65','corporis','Incidunt sit eveniet excepturi cum exercitationem occaecati. Sed et velit deleniti nostrum saepe reiciendis eum. Facilis non dignissimos quod ut non eveniet. Minus ut voluptatem cum impedit.',NULL,NULL,NULL,'94335 Wunsch Expressway\nNew Rosettaville, MN 13977-1330',NULL,NULL,'Unde reprehenderit dignissimos sit voluptatem facilis dolorum. Facilis aliquid sunt reprehenderit deleniti aut commodi. Pariatur maiores aliquam vel. Tenetur omnis voluptas aliquid quae est veritatis sit.',NULL,'Fugiat rerum beatae ipsa consequuntur enim. Unde distinctio exercitationem facilis voluptates nam aut suscipit fugiat. Qui eos dolores suscipit repudiandae qui id assumenda. Molestiae praesentium sapiente voluptatem ut.'),
('66','magni','Et eaque et rerum quia. Unde vitae doloremque saepe ipsa perspiciatis exercitationem odit. Quis quo iste dolor ut odio dolore. Natus atque et consequatur ullam.',NULL,NULL,NULL,'714 McClure Harbors Apt. 969\nHarrisonberg, VT 86645-6654',NULL,NULL,'Quo quia itaque quis ad nulla amet aliquam. Suscipit assumenda inventore laborum ut earum. Rerum ea vero aut. Molestiae quia reiciendis nobis consequatur necessitatibus aut culpa illum.',NULL,'Consequatur laborum vel corporis impedit rerum ullam. Sint velit reprehenderit porro consectetur. Cumque et commodi tenetur.'),
('67','qui','Quae fugiat consectetur laborum facilis ut aspernatur enim similique. Mollitia voluptatem eos vel voluptas necessitatibus laboriosam. Iure sint odit et rem voluptatum consequatur totam. Doloribus autem impedit in aliquid ad quia.',NULL,NULL,NULL,'1004 Asha Field\nNew Polly, AK 95882',NULL,NULL,'Doloremque et modi quae dolore sit. At aut et qui tempore placeat rerum ullam. Qui at ex reprehenderit laudantium eaque eos. Veritatis laborum ut dolores numquam voluptas excepturi officiis. Exercitationem dolor voluptas incidunt hic enim iusto.',NULL,'Voluptatibus molestias tenetur provident occaecati sapiente corrupti. Voluptatem quidem est numquam iste aliquid laboriosam rerum. Qui praesentium quo dignissimos magni.'),
('68','delectus','Non nihil quia temporibus voluptas quisquam blanditiis. Vel rerum voluptas aut in et corrupti. Quis corporis natus aut. Quia placeat odit laudantium eum ut animi.',NULL,NULL,NULL,'7812 Jayden Overpass Suite 885\nEast Stephany, VT 17898',NULL,NULL,'Consequatur et totam modi dolor voluptas fugit accusamus non. In sed consectetur asperiores cupiditate quidem. Porro quo itaque et fugiat itaque quis. Atque facere alias ut aliquid iusto.',NULL,'Facilis maiores hic eos est in. Est ex est voluptatum earum. Quibusdam voluptas qui aut eos tempora. Id quibusdam asperiores aut dolorem.'),
('69','consequuntur','Sit qui quis unde. Quia doloremque autem animi veniam dignissimos voluptatem sunt est. Voluptatem deserunt animi tempora inventore eligendi tempora sint. Unde at aspernatur consequatur accusantium.',NULL,NULL,NULL,'52289 Dessie Ford\nKareemberg, VA 10583-2801',NULL,NULL,'Optio laborum maxime quaerat ipsa et eos. Reiciendis voluptatem vel nulla ullam sit. Quisquam cum ut debitis esse. Temporibus quia velit earum dolores.',NULL,'Eveniet pariatur ut voluptatem dolorum dolores possimus. Excepturi ad minima iusto nihil accusantium dignissimos quaerat ut. Perferendis cupiditate sit cupiditate aut saepe. Minima rerum aut sint magni qui.'),
('70','sit','Minima a quia sapiente quia magnam. Qui modi modi sed repudiandae sit voluptatem. Est sed hic eos et aut. Ut dolor tempore occaecati vitae dolorem.',NULL,NULL,NULL,'57637 Kayleigh Tunnel Apt. 705\nWest Kris, NY 61756-6492',NULL,NULL,'Rerum soluta deserunt suscipit ex quisquam nisi amet. Error eos quasi non nam. Dolorem iusto explicabo ducimus nostrum temporibus quod quia. Quia laboriosam non eaque et vel vel.',NULL,'Adipisci nihil autem tempora aut enim vero. Veritatis necessitatibus et blanditiis error. Earum occaecati aperiam est officiis nihil. Sequi unde in eaque.'),
('71','ut','Expedita porro quae sunt id ea dolor. Et laborum quae praesentium quos explicabo eum. Temporibus accusamus veritatis culpa consequatur quis illum necessitatibus. Est dolor quisquam est dolorem.',NULL,NULL,NULL,'930 Herman Village\nRempelview, LA 23501',NULL,NULL,'Omnis est blanditiis molestiae qui iure aut. Voluptatum sed illo non facilis. Nesciunt et optio voluptas.',NULL,'Voluptates consequatur nemo consequuntur aut tempore in qui. Et quidem est voluptatem laudantium. Nemo totam totam quibusdam dolorum et accusantium quis. Quas quam maxime ad perspiciatis veritatis nemo eligendi.'),
('72','similique','Sequi at illo expedita est. Praesentium sint maxime numquam voluptas quisquam ad eos. Ab sint aliquid ut. Et voluptas omnis aut quo sit dolores optio.',NULL,NULL,NULL,'79403 Gabriella Haven Apt. 693\nColeview, IL 17076-8263',NULL,NULL,'Hic molestias quaerat reiciendis et. Cumque debitis dicta nostrum debitis. Aut est velit dolorem voluptates quia tenetur laudantium fuga.',NULL,'Et ea sequi rerum quae et. Nesciunt dolor ut blanditiis accusamus. Quis dolore iusto qui eaque voluptatem. Error soluta ipsum et qui sint ut beatae. Minima corporis id vel enim vel.'),
('73','eos','Facere quasi dolor sunt excepturi optio. Officiis explicabo ut eos ut laboriosam.',NULL,NULL,NULL,'86557 Rau Parkways Apt. 119\nPort Tiannaport, IA 39930-2931',NULL,NULL,'Quis fugiat perspiciatis sit eaque placeat. Eum inventore sapiente blanditiis omnis rem. Inventore iste necessitatibus aperiam deleniti. Tenetur quis optio tenetur.',NULL,'Adipisci distinctio ut error autem nemo repellendus. Velit voluptates reprehenderit consectetur. Eos et qui mollitia doloribus omnis iste.'),
('74','ea','Vel dolorem beatae corporis quia ullam hic illo. Molestiae vero ipsam qui veritatis numquam. Consequatur sit veritatis et magnam. Repellendus accusantium voluptatum odit magni explicabo atque.',NULL,NULL,NULL,'882 Jaunita Well Apt. 633\nCarmelaside, DC 52531-1296',NULL,NULL,'Nulla laborum eius ut similique eum. Placeat architecto voluptate accusantium animi rerum voluptas. Quaerat minima veniam debitis commodi aut cum. Id quas consequuntur dignissimos placeat omnis sequi in dolor.',NULL,'Nisi corporis minima ut tenetur voluptatum asperiores doloremque corrupti. Quos omnis et dolorem amet. Eos inventore nisi aut quia optio sequi.'),
('75','ea','Reprehenderit sed est similique non veritatis illo ducimus. Dolorem debitis facere fugiat soluta sed tenetur. Est provident consectetur enim sunt porro totam.',NULL,NULL,NULL,'78597 Jerde Course Suite 865\nNew Pollyburgh, LA 93520',NULL,NULL,'Autem et consequuntur dignissimos praesentium sequi beatae aut. Aut aut sunt eveniet est.',NULL,'Est consequuntur ipsam aspernatur aut molestiae. Ducimus odio aut nostrum labore delectus perferendis. Sequi occaecati consequatur sint dolorem.'),
('76','eaque','Ipsa cupiditate voluptatem id temporibus et sed qui consequatur. Omnis est exercitationem omnis soluta. Ea consequatur nulla nulla velit maiores in. Debitis earum deserunt et praesentium odio. Et officiis dolores repudiandae possimus nihil maxime.',NULL,NULL,NULL,'459 Deontae River Apt. 309\nNorth Jodiestad, ME 46161-5800',NULL,NULL,'Odit dicta quis cumque tempore nobis. Exercitationem quia fugit itaque corrupti vel quis sunt. Molestiae quia quos quam asperiores.',NULL,'Voluptatibus voluptate earum nihil dolorem. Maiores rem vel quis pariatur voluptas voluptate ullam. Velit et quo numquam velit assumenda sit veniam eos. Aliquam totam sed vero ut doloremque rerum numquam.'),
('77','maxime','Sit sequi iste facere odit reiciendis. Nesciunt maxime voluptatem quibusdam explicabo reprehenderit. Officia laborum id iure velit ipsam. Autem recusandae quia inventore et similique.',NULL,NULL,NULL,'96826 Minerva Mill\nNew Amelieburgh, DE 51217-4160',NULL,NULL,'Quia qui aspernatur nobis sed. Iure aliquam rerum voluptates ex suscipit expedita. Veniam distinctio incidunt beatae dolor. Voluptatem sit pariatur excepturi ut possimus. Et id sed porro consequuntur.',NULL,'Tempore vitae vitae dolore adipisci iste. Sint similique est ipsa voluptates. Cupiditate qui ut suscipit molestiae consequuntur.'),
('78','fugit','Optio iste voluptatibus est ut dolorem rerum ex. Libero quia et sed aspernatur et nostrum quisquam. Ut ipsa ea id et at officiis. Corporis recusandae esse ea fugit minus fuga consequuntur.',NULL,NULL,NULL,'382 Dietrich Cliffs\nBeerborough, OK 07259',NULL,NULL,'Adipisci tenetur officia amet est. Porro mollitia tempora ea dolorem ea. Rerum animi iusto earum excepturi reprehenderit.',NULL,'Qui illum omnis fuga laboriosam eligendi dolorem qui repudiandae. Numquam qui tempora maxime aspernatur atque. Consequatur maiores quod sed laboriosam odit quas qui.'),
('79','voluptas','Ut vitae similique aut sit laudantium quos voluptatem assumenda. Minus est cupiditate temporibus dolores nesciunt sed id explicabo. Reiciendis ab sed beatae.',NULL,NULL,NULL,'299 Jeanne Plaza\nPort Kaylashire, SD 30249',NULL,NULL,'Quam eius nihil eum placeat maxime. Dolor repudiandae non tempora rerum qui alias. Dolor voluptatum non debitis ea repellendus autem sed.',NULL,'Quia nemo ipsa dolor qui sit. Voluptas rerum consequatur error exercitationem odit quia. Exercitationem sit dolorem qui.'),
('80','at','Repudiandae veniam itaque eveniet excepturi deserunt aut sapiente. Atque amet cum qui aliquid qui. Illum et dignissimos quae hic.',NULL,NULL,NULL,'59450 Beier Stream\nNew Vivienne, TN 70175',NULL,NULL,'Veniam sint saepe molestias aliquam est maiores enim est. Occaecati nam rerum quibusdam consequatur sint mollitia. Consequatur ipsa maiores occaecati repudiandae. Eligendi voluptatem eius reiciendis eveniet porro.',NULL,'Repellendus hic repudiandae id. Deserunt iusto voluptas est velit voluptatem.'),
('81','enim','Et illo dicta incidunt aut accusantium. Vel et placeat accusamus veritatis enim ad qui. Eum qui id voluptas itaque harum qui praesentium assumenda.',NULL,NULL,NULL,'30097 Kuhlman Plain Suite 875\nEast Santinachester, NE 99804-0124',NULL,NULL,'Maxime in perferendis cumque dolorem facere. Itaque dolor maxime amet repudiandae corporis illum ea. Dolorem ea iure repudiandae asperiores.',NULL,'Occaecati perferendis natus quidem corrupti modi. Amet placeat minima excepturi nihil tempora nostrum. Animi cupiditate distinctio dolor qui. Rerum nihil nihil incidunt expedita laudantium nobis quis.'),
('82','quidem','Praesentium similique sed eum minima molestiae. Velit eum incidunt nulla. Explicabo dolor nam omnis quod.',NULL,NULL,NULL,'6220 Evangeline Isle Suite 935\nRexburgh, HI 65156',NULL,NULL,'Quisquam quis omnis consequuntur rerum. Enim in distinctio accusamus odit sunt dolor reprehenderit. Sunt dicta neque et doloribus pariatur aperiam.',NULL,'Et et ipsum molestiae amet et. Qui accusantium voluptas rem totam impedit sequi corporis ab. Ipsam officia est dolorem accusamus voluptas rerum non aspernatur. Aut est praesentium est tenetur.'),
('83','ad','Aut praesentium ab pariatur praesentium natus non. Sed qui ea amet vitae. Ullam fuga laborum id repudiandae. Non quia ut magni voluptatem voluptas eius ab.',NULL,NULL,NULL,'58794 Krystina Point Suite 004\nLake Afton, VT 69723',NULL,NULL,'Quos voluptas voluptatem nemo quod. Officiis ad earum quia sint porro in. Dignissimos hic autem dolor suscipit perferendis. Repudiandae dignissimos dignissimos consequuntur.',NULL,'Asperiores facere incidunt vel tempore tempore id. Explicabo animi nemo vel architecto sunt sunt. Ut molestiae fugiat laudantium tempora. Dolorem dolor incidunt facere in voluptas quia corporis.'),
('84','voluptatem','Blanditiis excepturi sit consequatur doloribus. Et eum enim est adipisci nemo. Ut dicta excepturi odit debitis veniam. Consectetur accusantium quisquam rerum ea sit veniam.',NULL,NULL,NULL,'95923 Adella Orchard Apt. 651\nHeaneymouth, WY 98422',NULL,NULL,'Quia illo tempora est exercitationem corrupti blanditiis. Ipsam consequatur voluptate qui quisquam harum dolore.',NULL,'Quam ex dicta voluptatibus iste. Cumque impedit pariatur dolores pariatur odio nesciunt autem.'),
('85','illo','Est eaque incidunt voluptatem autem iste magnam officiis. Neque numquam aut sapiente cum et. Fugiat dolorem enim dicta veniam sit rerum fugit. Voluptatem quo quae commodi autem voluptas fugiat labore minus.',NULL,NULL,NULL,'81934 O\'Reilly Alley\nPort Eric, VA 30089-9839',NULL,NULL,'Sit atque eum maiores sapiente aut laboriosam. Praesentium rem maiores et vel. Corrupti non voluptas occaecati quibusdam. Ex quia minima corporis unde sequi commodi voluptatibus.',NULL,'Veniam qui eum earum ut. Necessitatibus rerum est velit sed. Corporis nobis quae fuga laboriosam porro nihil non recusandae. Non voluptatem suscipit eos qui quasi.'),
('86','adipisci','Id dolorem perferendis dolores qui facere. Expedita assumenda sed assumenda qui cum. Quo rerum consequuntur placeat dolor est eius sed. Reprehenderit fuga voluptatem nisi exercitationem ipsa pariatur.',NULL,NULL,NULL,'88812 Anne Ridges Suite 121\nSouth Rosalindborough, NY 16819-4341',NULL,NULL,'Provident corporis quae facere. Ipsa iusto voluptas nostrum dolor. Ducimus sunt magnam voluptates magnam et et dolores.',NULL,'Illo modi inventore cumque qui. Provident exercitationem itaque molestias magnam est ea quia. Veniam ad totam quis dicta et. Dolores molestiae explicabo id quia alias rerum neque.'),
('87','dolore','Natus voluptate quisquam velit debitis cum occaecati. Accusamus est vitae quia. Veritatis sunt aliquid officiis ea repellendus ipsa voluptatem.',NULL,NULL,NULL,'73132 Jamey Causeway\nHeavenstad, AR 83888-1396',NULL,NULL,'Repudiandae dolor explicabo consequatur sit consequatur. Consectetur qui et est iste quasi. Iure nesciunt aut voluptas unde. Unde et eos facilis quibusdam esse numquam ad.',NULL,'Dicta hic temporibus harum molestias officiis voluptas architecto. Voluptate voluptates ea et placeat et qui beatae. Iure quibusdam neque quasi voluptatem recusandae accusantium.'),
('88','consequuntur','Aperiam et sed eius numquam. Eos et ut praesentium quia. Sunt distinctio delectus et.',NULL,NULL,NULL,'6637 O\'Reilly Vista\nRaynorland, LA 92506-6412',NULL,NULL,'Similique eligendi omnis cum non. Earum non rerum quo magnam rem. Suscipit qui asperiores consectetur illum omnis soluta nesciunt.',NULL,'Libero non qui quis est. Quos aut iusto illum. Voluptatem temporibus suscipit porro et exercitationem. Velit cum omnis facere veniam porro tempora.'),
('89','ex','Minus voluptatem accusantium voluptas fugit iure ratione. Dolorem maxime tenetur quia. Dicta modi voluptatem in quis fugit. Voluptas quia voluptatibus enim qui minima consequuntur.',NULL,NULL,NULL,'342 Stiedemann Lane\nNorth Lorenzafurt, NY 10514',NULL,NULL,'Est in neque facilis fugit repellat iure illum. Magnam perferendis autem possimus tempora. Id ut quas fugiat nostrum illum magnam voluptates.',NULL,'Culpa officia ratione rerum eligendi sint vitae. Reiciendis qui assumenda amet officiis pariatur laborum sint. Consectetur sed repellendus magnam recusandae voluptas. Quae est non nihil rerum commodi nihil est.'),
('90','beatae','Quia ullam voluptates doloremque et sapiente sed totam. Doloribus saepe similique temporibus consequatur voluptas occaecati. Ab aliquid ipsa maxime. Ipsa nisi corrupti minima placeat perferendis.',NULL,NULL,NULL,'94348 Marquise Tunnel Apt. 038\nLake Deshaunchester, AR 01768-3615',NULL,NULL,'Sint voluptatem et vel quasi sapiente aut. Sint omnis itaque eum. Quibusdam quia est praesentium ullam voluptas qui voluptas nesciunt. Sapiente id sed sit facere consectetur voluptatem vel.',NULL,'Et sint minima quod quia. Temporibus magni dolor quia ab velit explicabo eum dolores. Quo unde impedit et molestias maiores perspiciatis. Quo esse dolorem quisquam aut quam reprehenderit et.'),
('91','vitae','Dolorem sunt expedita et officia id qui. Consequuntur minima est qui facere consequatur. Vel placeat omnis delectus cupiditate nam. Et harum nobis id dicta minus ex et.',NULL,NULL,NULL,'47262 Krajcik Shoals Suite 350\nWest Tressiemouth, AL 31272-8025',NULL,NULL,'Eos vitae et perspiciatis praesentium. Quidem perspiciatis quia et ad sequi blanditiis perspiciatis. Accusantium delectus officia quod odio mollitia odio qui quas.',NULL,'Porro temporibus voluptas corporis enim ipsum reprehenderit dolor placeat. Quia fugiat quo quidem consequatur. Quibusdam dolorum dolores voluptatum iusto.'),
('92','distinctio','Quod enim accusamus quo mollitia quia aliquid pariatur. Ad velit quidem vel voluptas necessitatibus expedita eos sunt. Quia amet cum corrupti aut. Qui eveniet quo sit harum fuga.',NULL,NULL,NULL,'30601 Dooley Road Apt. 637\nEast Karson, NM 41635-8975',NULL,NULL,'Ipsa odit incidunt recusandae possimus quia est. Voluptatum ea doloremque est magni omnis atque. Quo rerum dolorum deserunt harum rerum.',NULL,'Rerum et aut ut sed repellendus eum. Ad excepturi ut nobis nostrum nam a. Consequuntur illum magnam exercitationem labore laboriosam. Ducimus sed ipsum tenetur eligendi consequuntur impedit excepturi.'),
('93','laborum','Mollitia vero quia eaque et. Necessitatibus itaque qui omnis omnis alias. Veritatis quia illo sed maxime. Eum quod est dolores sit eos aut.',NULL,NULL,NULL,'3202 Bret Well\nBrittanymouth, WI 99402',NULL,NULL,'Ducimus atque deserunt consequatur dolorum nihil minima neque. Ullam quas sunt ut molestiae omnis. Beatae eius nihil enim quidem pariatur id. Aut harum aut maxime soluta.',NULL,'Quidem perferendis quia quae doloribus accusamus et omnis sit. Consequatur esse et libero magni quos pariatur aut. Quisquam assumenda facilis quaerat.'),
('94','provident','A quam quae odit ipsa. Est voluptates consequatur voluptatem quia sint. Voluptatem fugit maxime qui qui sequi aspernatur nisi. Quidem voluptatem deleniti tempora repellendus nostrum ut.',NULL,NULL,NULL,'420 Tillman Skyway\nRunteburgh, MN 56558',NULL,NULL,'Officiis est aut odio dignissimos maxime. Maxime quod itaque qui qui vitae. Ut vero animi accusantium illum. Atque aut cumque cupiditate ratione accusamus dolor. Voluptas nihil voluptates quibusdam praesentium quo.',NULL,'Deserunt incidunt omnis similique rem veritatis commodi ut libero. Temporibus et autem libero consequuntur inventore. Soluta esse sint ratione aliquid.'),
('95','dolor','Autem consectetur perspiciatis perspiciatis quia temporibus incidunt. Explicabo quia ut officiis hic voluptas. Voluptas illo dolor deserunt ut beatae dolorem deleniti.',NULL,NULL,NULL,'4889 Mills Plain Suite 193\nNorth Clyde, NH 25607-9384',NULL,NULL,'Eaque nesciunt et ut possimus perferendis omnis. Voluptatem sequi veniam at earum. Dolorem asperiores omnis praesentium. Et dignissimos dolor hic nesciunt sit ducimus. Mollitia iure nemo nobis placeat quasi velit tempore.',NULL,'Perspiciatis quia repellat culpa rem fugiat placeat. Sed in ut ea quo unde natus maxime. Accusamus saepe vero natus sint commodi voluptate. Aut et totam est quia aliquid.'),
('96','voluptatem','Sunt dolorem et sint quae tempora et enim. Dolores impedit incidunt dolores ut nam voluptas sed. Doloremque perferendis iste voluptatem aut et.',NULL,NULL,NULL,'359 Ferry Turnpike Suite 048\nNorth Denatown, WI 76831',NULL,NULL,'Reprehenderit et voluptas reprehenderit tempore id. Occaecati dolor voluptatum quaerat molestiae. Cum quisquam magnam voluptas fugit odit. Necessitatibus et animi aut quidem.',NULL,'Quod voluptatem qui dolores. Accusamus animi laboriosam ut vero. Doloremque et ut fuga est.'),
('97','sequi','Magnam non molestiae doloribus mollitia et officia dicta. Et porro est et debitis libero qui. Doloribus est minus est nobis minus magnam.',NULL,NULL,NULL,'3630 Bradtke Islands Apt. 105\nEstebanburgh, WI 13831',NULL,NULL,'Corporis tenetur quo ducimus veniam. Tempore voluptatum voluptas ab officia quasi consequatur harum. Velit repudiandae ullam cumque sed nam qui odit. Cupiditate est assumenda corrupti quam quasi.',NULL,'Reprehenderit nobis facilis tempore eum sed consequuntur. Reiciendis ut consequatur maiores nostrum ut suscipit ipsa. Sit est voluptatem aut maiores. Et atque ipsum minima velit et.'),
('98','et','Nam rem culpa voluptate voluptatibus enim. Magni quis quia aut laudantium.',NULL,NULL,NULL,'21728 Beier Mews Suite 085\nLake Darwin, CA 51228',NULL,NULL,'Nemo est dignissimos et labore. Voluptatum omnis laboriosam voluptas ut voluptatem dolores voluptas eligendi. Totam et officiis perspiciatis dicta voluptatum iusto harum eos.',NULL,'Similique amet repellendus natus dicta itaque expedita repellendus. Doloremque voluptate aliquam unde praesentium est molestias id voluptas. Ipsa aliquid quaerat a. Veritatis minus laudantium doloremque optio necessitatibus.'),
('99','quia','Non doloremque praesentium velit aut modi. Consequatur ea vel et nisi libero quo qui. Neque qui corporis minus doloribus repellendus nam voluptate. Ab molestiae nemo dolore ut id.',NULL,NULL,NULL,'65304 Jarrett Road Apt. 294\nWest Reinholdbury, IA 81531-5661',NULL,NULL,'Hic provident dolore minus nihil aliquam et. Laudantium molestiae nostrum similique alias. Inventore eum facilis quia dolores rem neque. Quasi voluptas quo aut magnam id voluptas.',NULL,'Laudantium iure exercitationem quasi. Laborum a possimus dignissimos vel. Quae eos molestiae voluptatum aut est. Repellendus temporibus ratione quasi nostrum.'),
('100','et','Similique repellendus voluptatem commodi voluptatem. Qui aspernatur nobis voluptas occaecati. Quas nihil voluptatem autem ad tenetur eos beatae aliquid. Ex nam quo blanditiis est magni odit ducimus. Possimus nam perferendis rerum delectus itaque.',NULL,NULL,NULL,'40681 Bernier Drives\nPort Raquelberg, OR 71865',NULL,NULL,'Nihil et ut voluptatem nostrum quia similique. Alias sit delectus quia ut. Id est et quam placeat. Soluta nobis dolorem sint et ipsam velit dolorem cupiditate. Deleniti doloribus qui nostrum est.',NULL,'Et doloremque aliquam et quo eveniet fugit. Ab nemo itaque excepturi quam. Blanditiis non sed atque minus vel eaque.');

CREATE TABLE personalities (
  id INT UNSIGNED NOT NULL AUTO_INCREMENT,
  name VARCHAR(255),
  PRIMARY KEY (id)
);
INSERT INTO `personalities` VALUES ('1','rerum'),
('2','cumque'),
('3','corrupti'),
('4','optio'),
('5','sunt'),
('6','rerum'),
('7','ipsam'),
('8','exercitationem'),
('9','et'),
('10','et'),
('11','eos'),
('12','quo'),
('13','nihil'),
('14','enim'),
('15','aut'),
('16','a'),
('17','et'),
('18','soluta'),
('19','voluptatem'),
('20','cupiditate'),
('21','dolorum'),
('22','eum'),
('23','sit'),
('24','et'),
('25','veritatis'),
('26','aut'),
('27','eum'),
('28','deserunt'),
('29','magni'),
('30','quo'),
('31','voluptas'),
('32','nesciunt'),
('33','quibusdam'),
('34','ipsa'),
('35','quis'),
('36','id'),
('37','ea'),
('38','aspernatur'),
('39','nemo'),
('40','quasi'),
('41','ut'),
('42','quod'),
('43','quo'),
('44','minus'),
('45','exercitationem'),
('46','quisquam'),
('47','dolorem'),
('48','aut'),
('49','accusamus'),
('50','et'),
('51','sit'),
('52','qui'),
('53','aut'),
('54','praesentium'),
('55','pariatur'),
('56','laboriosam'),
('57','consequatur'),
('58','non'),
('59','ex'),
('60','ab'),
('61','iusto'),
('62','quia'),
('63','et'),
('64','et'),
('65','minus'),
('66','excepturi'),
('67','autem'),
('68','et'),
('69','voluptas'),
('70','voluptatibus'),
('71','et'),
('72','omnis'),
('73','in'),
('74','laborum'),
('75','officiis'),
('76','aspernatur'),
('77','quam'),
('78','enim'),
('79','temporibus'),
('80','et'),
('81','odit'),
('82','voluptas'),
('83','et'),
('84','animi'),
('85','dolorem'),
('86','adipisci'),
('87','et'),
('88','ducimus'),
('89','odio'),
('90','optio'),
('91','voluptatem'),
('92','non'),
('93','laborum'),
('94','velit'),
('95','dicta'),
('96','consequatur'),
('97','qui'),
('98','at'),
('99','et'),
('100','soluta');

CREATE TABLE jobs_personalities (
  id INT UNSIGNED NOT NULL AUTO_INCREMENT,
  job_id INT UNSIGNED,
  personality_id INT UNSIGNED,
  CONSTRAINT `fk_jp_job_id` FOREIGN KEY (job_id) REFERENCES jobs (id),
  CONSTRAINT `fk_personality_id` FOREIGN KEY (personality_id) REFERENCES personalities (id),
  PRIMARY KEY (id)
);
INSERT INTO `jobs_personalities` VALUES ('1','1','1'),
('2','2','2'),
('3','3','3'),
('4','4','4'),
('5','5','5'),
('6','6','6'),
('7','7','7'),
('8','8','8'),
('9','9','9'),
('10','10','10'),
('11','11','11'),
('12','12','12'),
('13','13','13'),
('14','14','14'),
('15','15','15'),
('16','16','16'),
('17','17','17'),
('18','18','18'),
('19','19','19'),
('20','20','20'),
('21','21','21'),
('22','22','22'),
('23','23','23'),
('24','24','24'),
('25','25','25'),
('26','26','26'),
('27','27','27'),
('28','28','28'),
('29','29','29'),
('30','30','30'),
('31','31','31'),
('32','32','32'),
('33','33','33'),
('34','34','34'),
('35','35','35'),
('36','36','36'),
('37','37','37'),
('38','38','38'),
('39','39','39'),
('40','40','40'),
('41','41','41'),
('42','42','42'),
('43','43','43'),
('44','44','44'),
('45','45','45'),
('46','46','46'),
('47','47','47'),
('48','48','48'),
('49','49','49'),
('50','50','50'),
('51','51','51'),
('52','52','52'),
('53','53','53'),
('54','54','54'),
('55','55','55'),
('56','56','56'),
('57','57','57'),
('58','58','58'),
('59','59','59'),
('60','60','60'),
('61','61','61'),
('62','62','62'),
('63','63','63'),
('64','64','64'),
('65','65','65'),
('66','66','66'),
('67','67','67'),
('68','68','68'),
('69','69','69'),
('70','70','70'),
('71','71','71'),
('72','72','72'),
('73','73','73'),
('74','74','74'),
('75','75','75'),
('76','76','76'),
('77','77','77'),
('78','78','78'),
('79','79','79'),
('80','80','80'),
('81','81','81'),
('82','82','82'),
('83','83','83'),
('84','84','84'),
('85','85','85'),
('86','86','86'),
('87','87','87'),
('88','88','88'),
('89','89','89'),
('90','90','90'),
('91','91','91'),
('92','92','92'),
('93','93','93'),
('94','94','94'),
('95','95','95'),
('96','96','96'),
('97','97','97'),
('98','98','98'),
('99','99','99'),
('100','100','100');

CREATE TABLE practical_skills (
  id INT UNSIGNED NOT NULL AUTO_INCREMENT,
  name VARCHAR(255),
  PRIMARY KEY (id)
);
INSERT INTO `practical_skills` VALUES ('1','maiores'),
('2','ipsa'),
('3','veritatis'),
('4','explicabo'),
('5','officiis'),
('6','quia'),
('7','nostrum'),
('8','facilis'),
('9','ad'),
('10','laborum'),
('11','fugit'),
('12','odio'),
('13','autem'),
('14','earum'),
('15','laboriosam'),
('16','est'),
('17','unde'),
('18','aut'),
('19','odio'),
('20','dolorem'),
('21','deleniti'),
('22','adipisci'),
('23','inventore'),
('24','incidunt'),
('25','quod'),
('26','reprehenderit'),
('27','ipsum'),
('28','aut'),
('29','minus'),
('30','porro'),
('31','libero'),
('32','perspiciatis'),
('33','modi'),
('34','optio'),
('35','modi'),
('36','adipisci'),
('37','impedit'),
('38','non'),
('39','qui'),
('40','quasi'),
('41','corrupti'),
('42','praesentium'),
('43','rerum'),
('44','iusto'),
('45','praesentium'),
('46','enim'),
('47','est'),
('48','et'),
('49','quos'),
('50','vel'),
('51','ab'),
('52','ab'),
('53','at'),
('54','dolores'),
('55','sunt'),
('56','deleniti'),
('57','voluptates'),
('58','officiis'),
('59','sed'),
('60','deserunt'),
('61','accusantium'),
('62','quo'),
('63','modi'),
('64','sed'),
('65','suscipit'),
('66','assumenda'),
('67','qui'),
('68','quas'),
('69','cum'),
('70','est'),
('71','fuga'),
('72','magnam'),
('73','qui'),
('74','at'),
('75','in'),
('76','molestiae'),
('77','consequatur'),
('78','neque'),
('79','et'),
('80','laudantium'),
('81','ipsam'),
('82','eligendi'),
('83','porro'),
('84','aliquid'),
('85','dolorem'),
('86','consectetur'),
('87','dolores'),
('88','nihil'),
('89','occaecati'),
('90','esse'),
('91','at'),
('92','provident'),
('93','quisquam'),
('94','a'),
('95','exercitationem'),
('96','iusto'),
('97','deserunt'),
('98','voluptates'),
('99','repudiandae'),
('100','et');

CREATE TABLE jobs_practical_skills (
  id INT UNSIGNED NOT NULL AUTO_INCREMENT,
  job_id INT UNSIGNED,
  practical_skill_id INT UNSIGNED,
  CONSTRAINT `fk_jps_job_id` FOREIGN KEY (job_id) REFERENCES jobs (id),
  CONSTRAINT `fk_practical_skill_id` FOREIGN KEY (practical_skill_id) REFERENCES practical_skills (id),
  PRIMARY KEY (id)
);
INSERT INTO `jobs_practical_skills` VALUES ('1','1','1'),
('2','2','2'),
('3','3','3'),
('4','4','4'),
('5','5','5'),
('6','6','6'),
('7','7','7'),
('8','8','8'),
('9','9','9'),
('10','10','10'),
('11','11','11'),
('12','12','12'),
('13','13','13'),
('14','14','14'),
('15','15','15'),
('16','16','16'),
('17','17','17'),
('18','18','18'),
('19','19','19'),
('20','20','20'),
('21','21','21'),
('22','22','22'),
('23','23','23'),
('24','24','24'),
('25','25','25'),
('26','26','26'),
('27','27','27'),
('28','28','28'),
('29','29','29'),
('30','30','30'),
('31','31','31'),
('32','32','32'),
('33','33','33'),
('34','34','34'),
('35','35','35'),
('36','36','36'),
('37','37','37'),
('38','38','38'),
('39','39','39'),
('40','40','40'),
('41','41','41'),
('42','42','42'),
('43','43','43'),
('44','44','44'),
('45','45','45'),
('46','46','46'),
('47','47','47'),
('48','48','48'),
('49','49','49'),
('50','50','50'),
('51','51','51'),
('52','52','52'),
('53','53','53'),
('54','54','54'),
('55','55','55'),
('56','56','56'),
('57','57','57'),
('58','58','58'),
('59','59','59'),
('60','60','60'),
('61','61','61'),
('62','62','62'),
('63','63','63'),
('64','64','64'),
('65','65','65'),
('66','66','66'),
('67','67','67'),
('68','68','68'),
('69','69','69'),
('70','70','70'),
('71','71','71'),
('72','72','72'),
('73','73','73'),
('74','74','74'),
('75','75','75'),
('76','76','76'),
('77','77','77'),
('78','78','78'),
('79','79','79'),
('80','80','80'),
('81','81','81'),
('82','82','82'),
('83','83','83'),
('84','84','84'),
('85','85','85'),
('86','86','86'),
('87','87','87'),
('88','88','88'),
('89','89','89'),
('90','90','90'),
('91','91','91'),
('92','92','92'),
('93','93','93'),
('94','94','94'),
('95','95','95'),
('96','96','96'),
('97','97','97'),
('98','98','98'),
('99','99','99'),
('100','100','100');
